location,time,fntp_3
bdi,2012,22.27273
bwa,2012,48.05195
cog,2011,21.21896
cpv,2011,59.42029
dji,2007,24
dji,2008,25
dji,2011,30.18868
dji,2014,25.92593
eth,2012,41.78975
gha,2012,59.70149
gin,2013,4.26829
mar,2013,40.35727
mdg,2011,12.35955
mdg,2013,45.12635
mrt,2012,33.33333
nam,2010,54.05405
nam,2012,56.34518
ner,2013,15.81633
sen,2011,19.75643
tgo,2013,5.10949
tgo,2014,9.18367
