time,dr_2_g5_m_cp,location
2004,21.05883,deu
2007,21.24519,deu
2013,42.27575,deu
1999,7.69728,ltu
2000,1.24969,ltu
2002,1.63877,ltu
2011,2.36638,ltu
2012,0.11109,ltu
2013,1.63818,ltu
1999,13.79442,pse
2000,13.99476,pse
2001,9.81245,pse
2002,8.29323,pse
2003,7.58473,pse
2006,8.34249,pse
2007,10.5931,pse
2008,7.1489,pse
2009,9.19312,pse
2010,10.146,pse
2011,9.05007,pse
2012,9.62712,pse
2013,11.71459,pse
