location,time,plillitp
bol,2008,52.19996
bra,2009,3.77872
chl,2011,1.46883
col,2010,14.44962
dom,2010,8.45693
ecu,2010,11.54067
mex,2010,10.51924
pry,2010,4.00381
slv,2010,16.93132
ury,2010,2.94564
