location,time,26587
aus,2012,2
aut,2013,3
aut,2014,5
aut,2015,5
aut,2016,6
aut,2017,5
bel,2015,1
bgr,2016,1
bra,2012,1
che,2014,1
col,2017,2
deu,2013,3
deu,2014,2
deu,2015,3
ecu,2015,81
ecu,2016,2
esp,2012,2
gbr,2012,7
gbr,2013,4
gbr,2014,3
gbr,2015,1
ita,2012,10
ita,2014,83
ita,2015,5
ita,2016,1
nzl,2012,2
qat,2014,1
srb,2016,1
usa,2012,1
usa,2013,0.95703
usa,2014,1
usa,2015,1.07254
usa,2016,1.08693
