location,time,plillitp_f
bol,2008,50.08958
bra,2009,4.40411
col,2010,17.40489
ecu,2010,13.17139
mex,2010,12.89717
pry,2010,5.11833
slv,2010,15.95226
