location,time,gtctr_3_m
bdi,2014,20.77764
bdi,2015,22.73668
eri,2015,19.49272
lbr,2015,0.20266
