time,ntp_3_pu_m,location
2011,5.20446,cpv
2008,12.78409,dji
2011,18.68687,dji
2012,0.22461,gha
2013,5.7091,mar
2013,6.53983,ner
