time,plillitp_f,location
2008,50.08958,bol
2009,4.40411,bra
2010,17.40489,col
2010,13.17139,ecu
2010,12.89717,mex
2010,5.11833,pry
2010,15.95226,slv
