location,time,26644
arg,2016,1
aus,2012,3
aus,2013,2
fra,2012,59
gbr,2015,1
gha,2014,1
ind,2014,5
ind,2017,3
jpn,2013,2
jpn,2014,2
jpn,2015,2
jpn,2016,1
kor,2013,1
kor,2014,1
kor,2015,1
mar,2015,1
mlt,2013,1
nzl,2012,3
nzl,2013,3
nzl,2014,3
nzl,2015,1
nzl,2016,1
nzl,2017,1
usa,2012,38
usa,2013,40.19542
usa,2014,12
usa,2015,16.45268
usa,2016,21.83455
