time,eadpeap_2t3,location
2010,0.44895,blz
2009,12.96591,bol
2010,4.2656,bra
2011,4.35222,chl
2010,7.89037,col
2010,6.85666,dom
2010,8.98727,ecu
2010,4.07206,mex
2010,3.19267,pan
2010,5.443,per
