location,time,tattrr_02_m
and,2015,10.52632
and,2016,35.29412
bdi,2016,0.89888
brn,2017,25.64103
cri,2014,2.03735
ecu,2013,10.04417
ecu,2014,11.92185
ecu,2015,13.32304
ecu,2016,14.34808
eri,2017,11.62791
gmb,2018,1.69617
lao,2015,20.37037
lao,2016,14.1844
lao,2017,16.92308
mdv,2017,40
mus,2014,22.22222
ner,2017,17.78584
phl,2016,23.98357
qat,2014,96.55172
qat,2016,100
slv,2016,12.18325
vct,2017,100
