location,time,ntp_2_pu_m
com,2013,4.71204
cpv,2012,4.75285
dji,2012,11.82965
gha,2012,2.96105
ner,2012,11.36583
ner,2013,23.65574
