location,time,tattrr_2_pu
cpv,2011,3.08571
cpv,2012,4.27163
dji,2009,14.87936
dji,2012,10.45977
gha,2012,3.29212
mli,2011,11.01849
ner,2013,5.5678
