location,time,gtctr_2_f
bdi,2014,3.0546
ben,2013,4.10855
dji,2015,100
mar,2013,3.49617
mli,2010,19.76369
mli,2011,19.73415
mli,2013,7.82175
ner,2010,13.15268
ner,2013,4.33901
ner,2014,1.48546
tcd,2010,3.79747
tcd,2011,7.11382
zmb,2010,10.65632
zmb,2012,11.22296
