location,time,schbsp_2_pu_wnielec
bdi,2013,14.87759
cod,2011,2.2579
cod,2013,3.31747
dji,2015,2.94118
dza,2012,1.15838
dza,2013,0.58985
dza,2014,0.63966
gha,2013,26.51395
mar,2013,1.71331
mrt,2012,9.79021
mwi,2012,7.21769
mwi,2013,11.72273
ner,2010,5.62249
ner,2012,4.75436
sen,2010,9.19881
swz,2012,2.35294
tgo,2014,0.13699
tun,2013,10.44084
zmb,2012,0.45249
