time,fntp_3,location
2012,22.27273,bdi
2012,48.05195,bwa
2011,21.21896,cog
2011,59.42029,cpv
2007,24,dji
2008,25,dji
2011,30.18868,dji
2014,25.92593,dji
2012,41.78975,eth
2012,59.70149,gha
2013,4.26829,gin
2013,40.35727,mar
2011,12.35955,mdg
2013,45.12635,mdg
2012,33.33333,mrt
2010,54.05405,nam
2012,56.34518,nam
2013,15.81633,ner
2011,19.75643,sen
2013,5.10949,tgo
2014,9.18367,tgo
