location,time,trntp_3_pu_f
bdi,2012,100
bwa,2012,100
cpv,2011,100
dji,2007,100
dji,2008,100
dji,2011,100
dji,2014,100
eth,2012,100
gha,2012,83.75
gin,2013,35.71429
mar,2013,100
mrt,2012,100
nam,2010,85
nam,2012,90.99099
ner,2013,41.93548
sen,2011,51.36986
tgo,2013,14.28571
tgo,2014,42.22222
