time,dr_2_g5_cp,location
2004,18.22635,deu
2007,18.40629,deu
2013,43.07425,deu
1999,5.53082,ltu
2000,0.61624,ltu
2001,0.24304,ltu
2002,0.83741,ltu
2011,2.05601,ltu
2012,0.45215,ltu
2013,1.34366,ltu
1999,10.31513,pse
2000,10.11054,pse
2001,7.72071,pse
2002,6.88405,pse
2003,5.67753,pse
2006,5.17588,pse
2007,6.82266,pse
2008,5.19648,pse
2009,5.9701,pse
2010,6.71633,pse
2011,5.85286,pse
2012,5.1976,pse
2013,7.18354,pse
