location,time,ntp_2_pu_m
com,2013,4.71204
cpv,2011,5.3816
cpv,2012,4.75285
dji,2008,10.33868
dji,2009,11.00917
dji,2011,15.60976
dji,2012,11.82965
gha,2012,2.96105
mar,2013,3.9309
mli,2011,20.25683
ner,2012,11.36583
ner,2013,23.65574
