time,schbsp_2_pu_mixtoil,location
2011,50.86768,bdi
2012,100,bwa
2011,28.57143,caf
2012,22.61905,caf
2011,5.28336,cod
2012,30.76923,com
2013,25.92593,com
2009,43.47826,dji
2011,37.93103,dji
2012,23.33333,dji
2010,2.83976,gin
2011,1.42857,gin
2013,4.24779,gin
2014,4.98339,gin
2011,25.79365,gmb
2013,62.68791,mdg
2011,50.17794,mli
2012,50.33408,mli
2010,6.0241,ner
2012,4.4374,ner
2013,16.38796,ner
2014,7.83784,ner
2011,8.64198,rwa
2011,4,swz
2012,0.39216,swz
2010,8.25,tcd
2014,12.87671,tgo
