location,time,gtctr_2_f
bdi,2014,3.0546
bdi,2015,6.97504
ben,2013,4.10855
eri,2015,29.48148
lbr,2015,1.97368
mli,2013,7.82175
ner,2013,4.33901
ner,2014,1.48546
ner,2015,4.81752
zmb,2012,11.22296
