location,time,dr_2_g5_f_cp
deu,2013,43.92019
deu,2014,43.34826
deu,2015,42.98415
ltu,2012,0.81375
ltu,2013,1.0229
ltu,2014,0.94982
ltu,2015,0.85438
pse,2012,1.05472
pse,2013,2.89478
pse,2014,3.17415
pse,2015,3.14481
pse,2016,1.99303
