time,tattrr_2_pu_m,location
2011,2.32323,cpv
2012,1.95695,cpv
2009,13.54724,dji
2012,9.10569,dji
2011,11.05806,mli
