location,time,trntp_2_pu
bwa,2012,100
cmr,2012,100
cpv,2012,100
dji,2012,100
dji,2014,100
eth,2012,100
gha,2012,81.71151
gin,2013,68.47826
lso,2012,100
mar,2012,100
mar,2013,100
mar,2014,100
mli,2012,43.82809
mrt,2012,100
mus,2014,18.11024
nam,2012,87.39407
ner,2013,43.77593
tgo,2013,12.89474
tgo,2014,64.18871
zaf,2012,96.01494
zaf,2013,93.93007
zmb,2012,100
