location,time,ntp_2_pu
com,2013,4.971
cpv,2012,6.17284
dji,2012,11.57775
gha,2012,5.25145
ner,2012,11.31188
ner,2013,23.07324
