location,time,schbsp_1_pu_wnitoil
bfa,2011,1.56268
bfa,2012,0.01079
bfa,2013,0.526
bfa,2014,0.02878
civ,2013,17.2267
civ,2014,0.87608
cmr,2012,0.06357
com,2013,17.64706
dji,2009,1.8018
dji,2011,0.87719
eri,2010,0.50378
eri,2011,0.65703
eri,2012,1.03211
gha,2013,1.49518
gin,2010,0.03487
gmb,2011,0.87977
mdg,2011,2.14315
mrt,2012,0.32441
mwi,2011,9.03349
sle,2012,0.48193
swz,2012,3.06644
tgo,2014,1.08418
