time,gtctr_2,location
2014,6.02626,bdi
2013,3.2345,ben
2015,100,dji
2013,3.09549,mar
2010,6.49049,mli
2011,6.1588,mli
2013,12.31349,mli
2010,8.77488,ner
2013,4.28937,ner
2014,1.38789,ner
2010,11.5138,tcd
2011,4.82986,tcd
2011,1.07828,tgo
2010,11.2404,zmb
2012,11.2945,zmb
