location,time,gtctr_2
bdi,2014,6.02626
bdi,2015,5.46022
ben,2013,3.2345
eri,2015,13.86472
lbr,2015,0.4248
mli,2013,12.31349
ner,2013,4.28937
ner,2014,1.38789
ner,2015,3.67214
zmb,2012,11.2945
