time,gtctr_3,location
2014,20.5466,bdi
2013,16.69476,ben
2015,75.41766,dji
2013,4.6208,mar
2010,23.65202,ner
2010,3.58612,tcd
2011,1.01617,tcd
