time,ntp_2_pu,location
2013,4.971,com
2011,7.11939,cpv
2012,6.17284,cpv
2008,10.72386,dji
2009,13.13269,dji
2011,15.97701,dji
2012,11.57775,dji
2011,3.44859,gha
2012,5.25145,gha
2013,4.17039,mar
2011,19.37639,mli
2012,11.31188,ner
2013,23.07324,ner
2010,3.94351,tcd
