location,time,ntp_2_pu
com,2013,4.971
cpv,2011,7.11939
cpv,2012,6.17284
dji,2008,10.72386
dji,2009,13.13269
dji,2011,15.97701
dji,2012,11.57775
gha,2011,3.44859
gha,2012,5.25145
mar,2013,4.17039
mli,2011,19.37639
ner,2012,11.31188
ner,2013,23.07324
tcd,2010,3.94351
