location,time,gtctr_3_f
bdi,2014,19.56746
bdi,2015,8.11779
eri,2015,23.49206
lbr,2015,1.76471
