location,time,dr_2_g5_cp
deu,2013,43.07425
deu,2014,42.38819
deu,2015,41.77778
ltu,2012,0.45215
ltu,2013,1.34366
ltu,2014,1.14605
ltu,2015,1.00326
pse,2012,5.1976
pse,2013,7.18354
pse,2014,6.2485
pse,2015,6.67387
pse,2016,4.33921
